num_topics,coherence,topic_diversity
105,0.3760266958589749,0.7533333333333333
