num_topics,coherence,topic_diversity
5,0.4289961305918434,0.82
10,0.36174889545909467,0.83
15,0.37479930777314663,0.82
20,0.3799452536372334,0.85
25,0.3740011655494817,0.82
30,0.38320205366208565,0.8466666666666667
35,0.3794601112942096,0.8085714285714286
40,0.4028365584076539,0.795
45,0.37829711594805016,0.8266666666666667
50,0.376113196205429,0.828
